"Guten Morgen.       ","Good morning."
"Guten Tag.        ","“Good day.” → Hello (formal and informal)"
"Hallo!            ","Hello!"
"der Herr, -en   Herr Meier    ","Mister Meier"
"die Frau, -en   Frau Meier    ","Miss Meier"
"Guten Abend.          ","Good evening."
"Angenehm.         ","Nice to meet you (formal)"
"Vielen Dank.          ","Thank you a lot."
"Gute Nacht.         ","Good night."
"der Name, -n          ","name"
"Mein Name ist…        ","My name is..."
"Tschüs.         ","Bye"
"Auf Wiedersehen.        ","Good bye (formal)"
"Bis bald.         ","See you soon."
"und           ","and"
"Herzlich willkommen.        ","Welcome."
"der Wohnort, -e       ","place of residence"
"die Stadt, -ä-e         ","city"
"das Land, -ä-er       ","country"
"Deutschland         ","Germany"
"woher           ","where from"
"kommen          ","to come"
"Woher kommst du?        ","Where do you come from?"
"auch            ","too / as well"
"jetzt           ","now"
"sehr            ","very"
"heissen         ","to be called"
"Wie heisst du?      ","What are you called? (What’s your name?)"
"wie           ","how"
"sein, er/sie ist          ","to be, he/she is"
"wo            ","where"
"wohnen          ","to live"
"Wo wohnst du?       ","Where do you live?"
"in (+ Stadt/Land)       ","in (+ city/country)"
"aus (+ Stadt/Land)        ","from (+ city/country)"
"aber            ","but"
"mögen, er/sie mag       ","to like, he/she likes"
"wer           ","who"
"was             ","what"
"ja            ","yes"
"nein            ","no"
"lernen            ","to learn"
"Ich lerne Deutsch.        ","I learn German. / I’m learning German."
"studieren         ","to study"
"nicht           ","not "
"nichts            ","nothing"
"der Fussball          ","football, soccer"
"der Sport         ","sports"
"der Kaffee, -s          ","coffee"
"die Schokolade        ","chocolate"
"die Pizza, -s/ Pizzen       ","pizza"
"die Technik, -en        ","technology; engeneering; technique"
"die Kunst, -ü-e         ","art"
"die Mode, -n          ","fashion"
"Entschuldigung, …       ","Excuse me..."
"bitte           ","please"
"Buchstabieren Sie, bitte.     ","Spell, please. (formal)"
"schreiben         ","to write"
"Wie schreibt man das?     ","How is it written?"
"Moment, …         ","One moment, ..."
"der Familienname, -n        ","family name, surname"
"der Vorname, -n       ","first name"
"Wie geht’s (dir)?       ","How are you? (informal)"
"Es geht.          ","Okay."
"danke           ","thanks"
"ganz gut          ","quite good"
"endlich           ","finally"
"warm            ","warm"
"Wie geht es Ihnen?        ","How are you? (formal, sg./pl.)"
"gut           ","good"
"sehr gut          ","very good"
"heute             ","today"
"heiss           ","hot"
"super           ","super, awesome"
"der Lehrer, -         ","teacher m."
"die Lehrerin, -nen        ","“ f."
"der Verkäufer, -        ","salesperson m."
"die Verkäuferin, -nen       ","“ f."
"der Elektriker, -       ","electrician m."
"die Elektrikerin, -nen        ","“ f."
"der Ingenieur, -e       ","engineer m."
"die Ingenieurin, -nen       ","“ f."
"der Musiker, -          ","musician m."
"die Musikerin, -nen       ","“ f."
"der Arzt, Ä-e         ","doctor, physician"
"die Ärztin, -nen        ","“ f."
"der Busfahrer, -        ","busdriver m."
"die Busfahrerin, -nen       ","“ f."
"der Student, -en        ","student m."
"die Studentin, -nen       ","“ f."
"der Programmierer, -        ","programmer m."
"die Programmiererin, -nen     ","“ f."
"die Reinigungskraft, -ä-e     ","cleaner (job) m./f."
"die Schweiz         ","Switzerland"
"Das stimmt.         ","That’s correct."
"machen          ","to do"
"Was macht ihr?        ","What are you doing?"
"arbeiten          ","to work"
"neu             new ",""
"interessant         ","interesting"
"der Beruf, -e         ","job, profession"
"die Firma, Firmen       ","company"
"Was sind Sie von Beruf?     ","What’s your job?"
"als (+Beruf)          ","as (+profession)"
"Er arbeitet als Ingenieur.      ","He works as an engineer."
"bei (+Firma)          ","at (+ company)"
"Wir arbeiten bei DesigNetz.     ","We work at DesigNetz."
"richtig           ","right, correct"
"falsch            ","wrong"
"der Nachname, -n        ","surname/family name"
"die Adresse, -n       ","address"
"die E-Mail, -s          ","e-mail "
"die E-Mail-Adressen, -n     ","e-mail address"
"die Hausnummer, -n        ","house number"
"die Postleitzahl (PLZ), -en     ","postal code, zipcode"
"die Strasse, -n         ","street"
"die Telefonnummer, -n     ","phone number"
"die Nummer, -n        ","number"
"Hier, bitte.    ","Here you are. / There you go. (when sth. is given to you)"
"gern            ","like doing (Verb needed)"
"gross           ","big, tall"
"klein           ","small, short"
"das Hobby, -s         ","hobby"
"Österreich          ","Austria"
"der Bleistift, -e         ","pencil"
"das Buch, -ü-er       ","book"
"das Handy, -s         ","cellphone"
"das Heft, -e          ","notebook"
"der Kuli, -s / Kugelschreiber, -s   ","ballpen"
"die Lampe, -n         ","lamp"
"der Radiergummi, -s       ","eraser"
"die Tasche, -n          ","bag"
"der Tisch, -e         ","table"
"auf Deutsch         ","in German"
"Wie heisst das auf Deutsch?   ","What is it called in German?"
"Keine Ahnung.     ","No idea."
"Ich weiss (nicht).      ","I (don’t) know."
"verstehen         ","to understand"
"das Fenster, -          ","window"
"die Flasche, -n       ","bottle"
"der Papierkorb, -ö-e        ","wastepaper basket"
"der Stuhl, -ü-e         ","chair"
"die Tafel, -n         ","(black-)board"
"die Tasse, -n         ","cup"
"das Tablet, -s          ","tablet"
"die Jacke, -n         ","jacket"
"die Tür, -en          ","door"
"wiederholen         ","repeat"
"Wiederholen Sie, bitte. / Noch einmal, bitte. ","Could you repeat that, please? / Once "
again, please.
"oder            ","or"
"das Ding, -e          ","thing"
"der Zettel, -         ","note"
"die Brille, -n          ","glasses"
"der Stift, -e         ","pen"
"die Uhr, -en          ","watch"
"das Bild, -er         ","picture"
"der Computer, -       ","computer"
"der Laptop, -s          ","laptop"
"die Maus, -äu-e       ","mouse"
"wie viele         ","how many"
"kosten            ","to cost"
"Er/sie/es kostet 3 Franken.     ","It costs 3 Swiss francs."
"die Süssigkeit, -en       ","sweets"
"teuer           ","expensive"
"das Auto, -s          ","car"
"schnell           ","fast"
"circa (ca.)         ","about"
"modern          ","modern"
"billig            ","cheap"
"alt           ","old"
"Wie alt ist der Computer?     ","How old is the computer?"
"das Jahr, -e          ","year"
"über            ","over (more than)"
"Die Geige ist über 300 Jahre alt.   ","The violin is over 300 years old."
"fragen            ","ask"
"funktionieren         ","function"
"langsam         ","slow"
"der Füller, -         ","fountain pen (with ink)"
"die Kamera, -s          ","camera"
"bunt            ","colorful"
"langweilig          ","boring"
"lustig            ","funny"
"schön           ","beautiful"
"der Schuh, -e         ","shoe"
"das Ladekabel, -        ","charge cable"
"der USB-Stick, -s       ","USB stick"
"der Hut, -ü-e         ","hat"
"das Kleid, -er          ","dress, pl: dresses / clothes"
"der Lippenstift, -e       ","lipstick"
"die Sonnenbrille, -n        ","sunglasses"
"gehen           ","to go"
"shoppen gehen       ","to go shopping"
"Gehen Sie gern shoppen?     ","Do you like go shopping? (formal)"
"kaufen            ","to buy"
"die Batterie, -n          ","battery"
"die Hose, -n          ","trousers, pants"
"der Koffer, -         ","suitcase"
"alles           ","everything, all"
"Ist das alles?          ","Is that all?"
"brauchen          ","to need"
"Gute Idee.          ","good idea"
"nur           ","only"
"vielleicht          ","perhaps, maybe"
"die Handyhülle, -n        ","cell phone case"
"die Kette, -n         ","necklace, chain"
"der Ring, -e          ","ring"
"Kann ich Ihnen helfen?      ","Can I help you? (formal)"
"suchen            ","to look for, search"
"die CD, -s          ","CD"
"möchten, er/sie möchte      ","to would like, he/she would like"
"glauben         ","to believe"
"Ich glaube, Franzi sucht CDs.   ","I believe Franzi’s looking for CDs."
"Schau mal, …          ","Look, ..."
"Schau mal, das Bild!      ","Look at the picture!"
"Das Bild ist schön!     ","The picture is beautiful!"
"haben, er/sie hat       ","to have, he/she has"
"günstig           ","cheap"
"denken          ","to think"
"Ich denke, ich kaufe den USB-Stick.   ","I think I buy the USB stick."
"Nicht schlecht.         ","not bad"
"wirklich          ","really"
"Brauchst du das Handy wirklich?   ","Do you really need the cell phone? "
"das Smartphone, -s        ","smartphone"
"doch            ","different meanings: “on the contrary”, "
however, yet
"Tut mir leid.         ","I’m sorry."
"Ja, klar.         ","Yes, sure."
"leider            ","unfortunately"
"Ich habe leider keinen Bleistift.   ","Unfortunately, I don’t have a pencil."
"der Tipp, -s          ","hint/tip"
"kennen          ","to know"
"finden            ","to find"
"Wie findet ihr die Uhr?     ","How do you find the watch?"
"der Tee, -s         ","tea"
"dort            ","there"
"der Traum, -äu-e        ","dream"
"Shoppen in Hamburg - ein Traum!   ","Shopping in Hamburg (is) a dream!"
"der Haften, -ä-         ","harbour"
"das Schiff, -e          ","ship"
"das Theater, -          ","theater"
"toll            ","great"
"das Foto, -s          ","photo"
"der Mann, -ä-er       ","man, husband"
"hören           ","to listen"
"Musik hören         ","listen to music"
"tanzen            ","dance"
"fahren, er/sie fährt        ","to ride, drive"
"Ski/Fahrrad fahren        ","to skiing, ride a bicycle"
"sehen, er/sie sieht       ","to see, he/she sees"
"der Film, -e          ","movie"
"fotografieren         ","to photograph"
"Volleyball/Fussball spielen     ","to play volleyball / football, soccer"
"kochen            ","to cook"
"treffen, er/sie trifft        ","to meet, he/she meets"
"der Freund, -e          ","friend, boyfriend"
"die Freundin, -nen        ","friend (f.), girlfriend"
"lesen, er/sie liest       ","to read, he/she reads"
"wandern         ","to hike"
"schwimmen         ","to swim"
"laufen, er/sie läuft        ","to run, he/she runs (is running)"
"Schlittschuh laufen       ","ice skating"
"schlafen, er/sie schläft      ","to sleep"
"sprechen, er/sie spricht      ","to speak, he/she speaks"
"lange           ","long"
"im (+ Jahreszeit)       ","in + season"
"  der Frühling        ","spring"
"  der Sommer        ","summer"
"  der Herbst        ","fall, autumn"
"  der Winter        ","winter"
"wann            ","when (time)"
"anfangen, er/sie fängt an     ","start"
"aufhören          ","stop"
"der Tag, -e         ","day"
"jeden Tag         ","every day"
"die Woche, -n         ","week"
"am (+ Wochentag)        ","on + weekday"
"  der Montag, -e        ","Monday"
"der Dienstag, -e      ","Tuesday"
"der Mittwoch, -e      ","Wednesday"
"der Donnerstag, -e      ","Thursday"
"der Freitag, -e       ","Friday"
"der Samstag, -e     ","Saturday"
"der Sonntag, -e     ","Sunday"
"das Wochenende, -n      ","weekend"
"oft           ","often"
"wegfahren, er/sie fährt weg     ","go away (on a trip)"
"manchmal          ","sometimes"
"einladen, er/sie lädt ein     ","to invite"
"selten            ","rarely"
"anrufen         ","to call somebody"
"leben           ","to live"
"immer           ","always"
"ausgehen          ","to go out"
"einkaufen         ","to go (grocery) shopping"
"aufräumen         ","to clean up, tidy"
"fernsehen, er/sie sieht fern      ","to watch TV"
"nie           ","never "
"wie oft           ","how often"
"sagen           ","to say"
"die Zeit, -en         ","time"
"Ich habe leider keine Zeit.     ","Unfortunately, I don’t have time"
"alle            ","every, everybody/everything"
Was macht man in der Freizeit? (3rd person sg.) What does “one” do in his free time?
"            ","What do people do in their free time?"
"75 Prozent lesen gern Bücher. (3rd person pl.)","75 percent like to read books."
"die Leute (pl.)         ","people"
"Herzlichen Glückwunsch!     ","(“heartfelt”) congratulations"
"der Ehepartner, -       ","spouse (m.)"
"die Ehepartnerin, -nen      ","spouse (f.)"
"die Geschwister (pl.)       ","siblings "
"der Bruder, -ü-       ","brother"
"die Schwester, -n     ","sister"
"die Grosseltern (pl.)       ","grandparents"
"  die Grossmutter, -ü-      ","grandmother"
"  der Grossvater, -ä-     ","grandfather"
"die Eltern (pl.)          ","parents"
"  die Mutter, -ü-       ","mother"
"  der Vater, -ä-        ","father"
"das Kind, -er         ","child"
"der Sohn, -ö-e          ","son"
"die Tochter, -ö-        ","daughter"
"verheiratet         ","married"
"ledig           ","single (not married)"
"das Ausland (sg.)       ","foreign countries"
"aussehen, er/sie sieht aus      ","to look (e.g. to look good)"
"nett            ","kind"
"von (+ Name)          ","of, from"
"Das ist der Sohn von Mia.     ","That’s the son of Mia = Mia’s son"
"die Familie, -n         ","family"
"der Brief, -e         ","letter (written message)"
"die Party, -s         ","party"
"mitbringen          ","to bring (with you)"
"die Feier, -n         ","celebration"
"feiern            ","celebrate"
"die Sprache, -n       ","language"
"Ich spreche Deutsch.        ","I speak German."
"Ich bin Deutscher/Deutsche.     ","I’m German (m./f.)."
"der Deutsche, -n        ","German (m.)"
"der Österreicher, -       ","Austrian (m.)"
"die Österreicherin, -nen      ","“ f."
"der Schweizer, -        ","Swiss (m.)"
"die Schweizerin, -nen       ","“ f."
"schon           ","already"
"  Ich war schon in Spanien.   ","I was already in Spain."
"Wir können gern “du” sagen.     ","“We can say informal you to each other.”"
"der Geburtstag, -e        ","birthday"
"das Geschenk, -e        ","present, gift"
"der Arbeitsplatz, -ä-e        ","workplace"
"  am Arbeitsplatz     ","at the workplace"
"der Chef, -s          ","boss, m."
"die Chefin, -nen        ","boss, f."
"das Geld (sg.)          ","money"
"der Kollege, -n         ","colleague, m."
"die Kollegin, -nen        ","“ f."
"der Kuchen, -         ","cake"
"die Pause, -n         ","break (noun)"
"Das geht (auch/nicht).        ","That works (as well/not)."
"noch nie          ","never before"
"das Haus, -äu-er        ","house"
"der Schnee (sg.)        ","snow"
"der Berg, -e          ","mountain"
"oben            ","on top"
"unten           ","bottom"
"hinten            ","behind"
"vorn            ","in front"
"links           ","left"
"rechts            ","right"
"der Apfel, Ä-         ","apple"
"die Butter (sg.)        ","butter"
"das Ei, -er         ","egg"
"das Fleisch (sg.)       ","meat"
"die Gurke, -n         ","cucumber"
"der Joghurt, -s         ","yoghurt"
"die Milch (sg.)         ","milk"
"das Wasser (sg.)        ","water"
"die Wurst, -ü-e         ","sausage"
"die Banane, -n          ","banana"
"der Käse (sg.)          ","cheese"
"die Marmelade, -n       ","jam"
"der Saft, -ä-e          ","juice"
"der Salat, -e         ","salad"
"die Tomate, -n          ","tomato"
"der Wein (sg.)          ","wine"
"essen, er/sie isst        ","eat, he/she eats"
"das Obst (sg.)          ","fruits"
"gern, lieber, am liebsten     ","gladly, more, the most"
"die Kartoffel, -n       ","potato"
"die Nudeln (pl.)        ","pasta"
"der Reis (sg.)          ","rice"
"das Brot, -e          ","bread"
"die Tafel, -n         ","bar (of chocolate)"
"  eine Tafel Schokolade     ","a bar of chocolate"
"der Becher, -         ","jar (or a mug)"
"die Dose, -n          ","can"
"das Glas, -ä-er       ","glass"
"das Netz, -e          ","net"
"die Orange, -n          ","orange"
"die Packung, -en        ","packet, bag"
"das Stück, -e         ","piece"
"die Tüte, -n          ","bag"
"das Frühstück, -e       ","breakfast"
"wollen, er/sie will       ","to want"
"für (+ Name)          ","for (somebody)"
"","Wollen wir etwas für Astrid kochen? - Do we want to cook something for Astrid?"
"etwas           ","something"
"der Fisch, -e         ","fish"
"das Gemüse (sg.)        ","vegetables"
"müssen, er/sie muss       ","to have to"
"mitkommen         ","to come (with somebody)"
"das Café, -s          ","café"
"trinken           ","drink"
"grillen           ","to grill, barbecue"
"das Essen         ","food"
"frühstücken           to breakfast",""
"Was darf es sein?       ","How can I help you? (“What may it be?”)"
"  Ich hätte gern…     ","I’d like to have..."
"  Kein Problem!       ","no problem"
"  Das macht 5 Euro.     ","It costs 5€. (“It makes 5€)"
"das Gramm (g), -        ","gramm"
"der Liter (l), -          ","liter"
"das Pfund, -e         ","pound"
"das Kilo/Kilogramm (kg), -s/-     ","kilogram"
"das Brötchen, -       ","small bread"
"die Sahne/Schlagsahne (sg.)     ","cream / whipped cream"
"der Zucker (sg.)        ","sugar "
"die Karte, -n         ","card, map, menue"
"nehmen, er/sie nimmt        ","to take"
"Ich nehme einen Kaffee.   ","I take a coffee."
"ohne            ","without"
"ohne Zucker       ","without sugar"
